timestamp_start,timestamp_end,participant_id,sexo,idade,escolaridade,rendimento,classe,nacionalidade,nacionalidade_outra,distrito,ses_group,ses_house,ses_car,ses_phone,ses_vacation,stimuli_type,7001_index,7001_timestamp_start,7001_timestamp_end,7001_valence,7001_arousal,7002_index,7002_timestamp_start,7002_timestamp_end,7002_valence,7002_arousal,7004_index,7004_timestamp_start,7004_timestamp_end,7004_valence,7004_arousal,7006_index,7006_timestamp_start,7006_timestamp_end,7006_valence,7006_arousal,7009_index,7009_timestamp_start,7009_timestamp_end,7009_valence,7009_arousal,7010_index,7010_timestamp_start,7010_timestamp_end,7010_valence,7010_arousal,7012_index,7012_timestamp_start,7012_timestamp_end,7012_valence,7012_arousal,7017_index,7017_timestamp_start,7017_timestamp_end,7017_valence,7017_arousal,7020_index,7020_timestamp_start,7020_timestamp_end,7020_valence,7020_arousal,7021_index,7021_timestamp_start,7021_timestamp_end,7021_valence,7021_arousal,7025_index,7025_timestamp_start,7025_timestamp_end,7025_valence,7025_arousal,7026_index,7026_timestamp_start,7026_timestamp_end,7026_valence,7026_arousal,7030_index,7030_timestamp_start,7030_timestamp_end,7030_valence,7030_arousal,7034_index,7034_timestamp_start,7034_timestamp_end,7034_valence,7034_arousal,7035_index,7035_timestamp_start,7035_timestamp_end,7035_valence,7035_arousal,7040_index,7040_timestamp_start,7040_timestamp_end,7040_valence,7040_arousal,7041_index,7041_timestamp_start,7041_timestamp_end,7041_valence,7041_arousal,7042_index,7042_timestamp_start,7042_timestamp_end,7042_valence,7042_arousal,7045_index,7045_timestamp_start,7045_timestamp_end,7045_valence,7045_arousal,7052_index,7052_timestamp_start,7052_timestamp_end,7052_valence,7052_arousal,7059_index,7059_timestamp_start,7059_timestamp_end,7059_valence,7059_arousal,7061_index,7061_timestamp_start,7061_timestamp_end,7061_valence,7061_arousal,7062_index,7062_timestamp_start,7062_timestamp_end,7062_valence,7062_arousal,7080_index,7080_timestamp_start,7080_timestamp_end,7080_valence,7080_arousal,7090_index,7090_timestamp_start,7090_timestamp_end,7090_valence,7090_arousal,7100_index,7100_timestamp_start,7100_timestamp_end,7100_valence,7100_arousal,7150_index,7150_timestamp_start,7150_timestamp_end,7150_valence,7150_arousal,7170_index,7170_timestamp_start,7170_timestamp_end,7170_valence,7170_arousal,7175_index,7175_timestamp_start,7175_timestamp_end,7175_valence,7175_arousal,7950_index,7950_timestamp_start,7950_timestamp_end,7950_valence,7950_arousal,2683_index,2683_timestamp_start,2683_timestamp_end,2683_valence,2683_arousal,2811_index,2811_timestamp_start,2811_timestamp_end,2811_valence,2811_arousal,3010_index,3010_timestamp_start,3010_timestamp_end,3010_valence,3010_arousal,3016_index,3016_timestamp_start,3016_timestamp_end,3016_valence,3016_arousal,3017_index,3017_timestamp_start,3017_timestamp_end,3017_valence,3017_arousal,3030_index,3030_timestamp_start,3030_timestamp_end,3030_valence,3030_arousal,3500_index,3500_timestamp_start,3500_timestamp_end,3500_valence,3500_arousal,3530_index,3530_timestamp_start,3530_timestamp_end,3530_valence,3530_arousal,6210_index,6210_timestamp_start,6210_timestamp_end,6210_valence,6210_arousal,6230_index,6230_timestamp_start,6230_timestamp_end,6230_valence,6230_arousal,6231_index,6231_timestamp_start,6231_timestamp_end,6231_valence,6231_arousal,6250_index,6250_timestamp_start,6250_timestamp_end,6250_valence,6250_arousal,6260_index,6260_timestamp_start,6260_timestamp_end,6260_valence,6260_arousal,6263_index,6263_timestamp_start,6263_timestamp_end,6263_valence,6263_arousal,6300_index,6300_timestamp_start,6300_timestamp_end,6300_valence,6300_arousal,6313_index,6313_timestamp_start,6313_timestamp_end,6313_valence,6313_arousal,6315_index,6315_timestamp_start,6315_timestamp_end,6315_valence,6315_arousal,6350_index,6350_timestamp_start,6350_timestamp_end,6350_valence,6350_arousal,6370_index,6370_timestamp_start,6370_timestamp_end,6370_valence,6370_arousal,6510_index,6510_timestamp_start,6510_timestamp_end,6510_valence,6510_arousal,6530_index,6530_timestamp_start,6530_timestamp_end,6530_valence,6530_arousal,6540_index,6540_timestamp_start,6540_timestamp_end,6540_valence,6540_arousal,6560_index,6560_timestamp_start,6560_timestamp_end,6560_valence,6560_arousal,6563_index,6563_timestamp_start,6563_timestamp_end,6563_valence,6563_arousal,6570_index,6570_timestamp_start,6570_timestamp_end,6570_valence,6570_arousal,6571_index,6571_timestamp_start,6571_timestamp_end,6571_valence,6571_arousal,6821_index,6821_timestamp_start,6821_timestamp_end,6821_valence,6821_arousal,6834_index,6834_timestamp_start,6834_timestamp_end,6834_valence,6834_arousal,6836_index,6836_timestamp_start,6836_timestamp_end,6836_valence,6836_arousal,9428_index,9428_timestamp_start,9428_timestamp_end,9428_valence,9428_arousal,Q52.1,Q52.2,Q52.3,Q52.4,Q52.5,Q52.6,Q52.7,Q52.8,Q52.9,Q52.10,Q53.1,Q53.2,Q53.3,Q53.4,Q53.5,Q53.6,Q53.7,Q53.8,Q53.9,Q53.10,Q54.1,Q54.2,Q54.3,Q55.1,Q55.2,Q55.3,Q56.1,Q56.2,Q56.3,Q56.4,Q56.5,Q56.6,Q56.7,Q57.1,Q57.2,Q57.3,Q57.4,Q57.5,Q57.6,Q57.7,Q57.8,Q58.1,Q58.2,Q58.3,Q58.4,Q58.5,Q58.6,Q59,Q60
5/12/2022 10:20,5/12/2022 10:49,DBY01,0,29,5,4,3,0,,Lisboa,2,5,6,5,0,0,14,10:40:21,10:40:26,4,4,18,10:41:15,10:41:20,4,4,1,10:37:04,10:37:09,4,4,2,10:37:22,10:37:27,4,4,24,10:42:38,10:42:43,4,4,15,10:40:37,10:40:42,4,4,0,10:36:45,10:36:50,4,4,29,10:43:44,10:43:49,4,4,25,10:42:54,10:42:59,2,4,23,10:42:24,10:42:29,5,5,17,10:41:01,10:41:06,4,4,8,10:38:51,10:38:56,6,1,10,10:39:26,10:39:31,2,6,7,10:38:38,10:38:43,3,4,11,10:39:42,10:39:47,4,4,13,10:40:07,10:40:12,2,4,22,10:42:11,10:42:16,6,4,20,10:41:42,10:41:47,5,6,26,10:43:08,10:43:13,4,4,16,10:40:49,10:40:54,4,4,27,10:43:21,10:43:26,4,4,3,10:37:37,10:37:42,5,6,21,10:41:58,10:42:03,5,6,28,10:43:32,10:43:37,4,4,9,10:39:13,10:39:18,4,4,12,10:39:54,10:39:59,3,4,4,10:37:56,10:38:01,4,4,6,10:38:25,10:38:30,3,4,5,10:38:08,10:38:13,2,4,19,10:41:28,10:41:33,4,4,,,,,,,,,,,,,,,,,,,,,,,,,,,,,,,,,,,,,,,,,,,,,,,,,,,,,,,,,,,,,,,,,,,,,,,,,,,,,,,,,,,,,,,,,,,,,,,,,,,,,,,,,,,,,,,,,,,,,,,,,,,,,,,,,,,,,,,,,,,,,,,,,,,,,,,1,5,1,11,11,11,11,5,8,6,11,1,1,2,11,6,11,2,9,1,6,1,6,3,1,6,11,7,9,11,1,5,5,9,9,9,5,3,5,11,8,7,9,11,1,4,11,2,6
5/13/2022 9:22,5/13/2022 10:39,DBY02,0,24,5,1,7,0,,Lisboa,2,6,6,5,0,1,,,,,,,,,,,,,,,,,,,,,,,,,,,,,,,,,,,,,,,,,,,,,,,,,,,,,,,,,,,,,,,,,,,,,,,,,,,,,,,,,,,,,,,,,,,,,,,,,,,,,,,,,,,,,,,,,,,,,,,,,,,,,,,,,,,,,,,,,,,,,,,,,,,,,,,4,10:24:23,10:24:28,0,7,25,10:30:28,10:30:33,0,5,24,10:30:11,10:30:16,0,6,21,10:29:24,10:29:29,1,6,22,10:29:40,10:29:45,0,6,13,10:26:55,10:27:00,3,4,2,10:23:47,10:23:52,0,6,17,10:28:15,10:28:20,0,5,14,10:27:25,10:27:30,0,6,15,10:27:42,10:27:47,0,7,0,10:22:59,10:23:04,0,8,8,10:25:27,10:25:32,0,8,28,10:31:15,10:31:20,0,6,9,10:25:42,10:25:47,0,8,11,10:26:17,10:26:22,0,7,20,10:29:07,10:29:12,0,6,16,10:27:58,10:28:03,1,5,18,10:28:35,10:28:40,0,6,5,10:24:38,10:24:43,0,6,29,10:31:31,10:31:36,0,7,26,10:30:43,10:30:48,1,6,23,10:29:56,10:30:01,0,6,19,10:28:50,10:28:55,0,5,1,10:23:27,10:23:32,0,6,7,10:25:11,10:25:16,1,6,6,10:24:53,10:24:58,1,6,3,10:24:05,10:24:10,1,6,27,10:30:58,10:31:03,1,6,12,10:26:33,10:26:38,1,6,10,10:25:56,10:26:01,0,7,10,10,10,10,11,10,11,10,10,10,11,11,11,11,11,10,11,11,11,11,2,1,2,1,1,1,11,11,10,11,2,1,2,10,8,8,3,3,5,10,11,11,11,11,1,1,11,1,10
5/20/2022 12:13,5/20/2022 12:50,DBY03,1,22,4,0,0,0,,Lisboa,2,6,3,1,0,0,2,12:30:14,12:30:19,2,2,9,12:32:38,12:32:43,4,0,11,12:33:04,12:33:09,3,0,28,12:37:03,12:37:08,3,0,22,12:35:42,12:35:47,7,1,25,12:36:22,12:36:27,2,0,1,12:29:54,12:29:59,4,0,13,12:33:36,12:33:41,6,0,24,12:36:08,12:36:13,5,0,19,12:35:02,12:35:07,3,0,8,12:32:25,12:32:30,4,0,23,12:35:56,12:36:01,4,0,16,12:34:18,12:34:23,4,0,4,12:31:03,12:31:08,6,4,26,12:36:35,12:36:40,4,0,10,12:32:51,12:32:56,4,0,29,12:37:15,12:37:20,5,0,0,12:29:28,12:29:33,4,0,14,12:33:51,12:33:56,4,0,12,12:33:23,12:33:28,4,0,3,12:30:46,12:30:51,4,1,18,12:34:43,12:34:48,3,1,15,12:34:04,12:34:09,4,0,21,12:35:30,12:35:35,4,0,17,12:34:30,12:34:35,4,0,27,12:36:49,12:36:54,4,0,20,12:35:17,12:35:22,4,0,7,12:31:52,12:31:57,5,1,6,12:31:35,12:31:40,5,1,5,12:31:21,12:31:26,4,0,,,,,,,,,,,,,,,,,,,,,,,,,,,,,,,,,,,,,,,,,,,,,,,,,,,,,,,,,,,,,,,,,,,,,,,,,,,,,,,,,,,,,,,,,,,,,,,,,,,,,,,,,,,,,,,,,,,,,,,,,,,,,,,,,,,,,,,,,,,,,,,,,,,,,,,1,8,8,7,2,1,2,9,2,6,1,3,2,2,1,1,1,1,1,2,5,5,1,1,10,1,2,1,1,9,8,10,4,1,10,11,6,8,2,5,11,1,8,1,2,8,1,2,0
5/23/2022 15:09,5/23/2022 15:40,DBY04,0,24,5,0,6,0,,Lisboa,2,6,1,1,0,1,,,,,,,,,,,,,,,,,,,,,,,,,,,,,,,,,,,,,,,,,,,,,,,,,,,,,,,,,,,,,,,,,,,,,,,,,,,,,,,,,,,,,,,,,,,,,,,,,,,,,,,,,,,,,,,,,,,,,,,,,,,,,,,,,,,,,,,,,,,,,,,,,,,,,,,4,15:31:01,15:31:06,0,8,27,15:36:24,15:36:29,0,8,18,15:34:28,15:34:33,0,8,24,15:35:45,15:35:50,0,8,25,15:35:58,15:36:03,0,8,11,15:32:51,15:32:56,0,8,20,15:34:53,15:34:58,0,8,22,15:35:19,15:35:24,0,8,10,15:32:32,15:32:37,0,8,1,15:30:19,15:30:24,0,0,6,15:31:36,15:31:41,0,8,26,15:36:11,15:36:16,0,8,23,15:35:32,15:35:37,0,8,14,15:33:30,15:33:35,0,8,0,15:29:59,15:30:04,0,8,12,15:33:04,15:33:09,0,8,21,15:35:06,15:35:11,0,8,7,15:31:49,15:31:54,0,8,28,15:36:37,15:36:42,0,8,5,15:31:18,15:31:23,0,8,8,15:32:02,15:32:07,0,8,2,15:30:34,15:30:39,0,8,29,15:36:49,15:36:54,0,8,16,15:33:57,15:34:02,0,8,19,15:34:41,15:34:46,0,8,17,15:34:10,15:34:15,0,8,3,15:30:47,15:30:52,0,8,15,15:33:43,15:33:48,0,8,9,15:32:15,15:32:20,0,8,13,15:33:17,15:33:22,0,8,11,11,11,11,11,11,11,11,11,11,11,11,11,11,11,11,11,11,11,11,1,1,1,1,1,1,11,11,11,11,1,1,1,6,6,6,1,2,6,6,11,11,11,11,1,1,11,2,10
5/23/2022 15:47,5/23/2022 16:22,DBY05,1,19,4,1,4,0,,Lisboa,2,5,4,4,0,0,6,16:11:14,16:11:19,4,0,26,16:15:47,16:15:52,4,0,19,16:14:09,16:14:14,5,0,13,16:12:49,16:12:54,4,0,8,16:11:40,16:11:45,4,0,10,16:12:11,16:12:16,4,0,7,16:11:27,16:11:32,4,0,3,16:10:33,16:10:38,4,0,22,16:14:53,16:14:58,4,0,2,16:10:19,16:10:24,4,0,20,16:14:25,16:14:30,4,0,5,16:11:01,16:11:06,5,0,17,16:13:42,16:13:48,4,0,18,16:13:56,16:14:01,4,0,9,16:11:53,16:11:58,4,0,14,16:13:04,16:13:09,4,0,15,16:13:17,16:13:22,4,0,23,16:15:07,16:15:12,5,0,21,16:14:40,16:14:45,4,0,1,16:10:03,16:10:08,4,0,11,16:12:24,16:12:29,4,0,28,16:16:14,16:16:19,4,0,0,16:09:45,16:09:50,4,0,4,16:10:47,16:10:52,4,0,16,16:13:30,16:13:35,4,0,12,16:12:36,16:12:41,5,0,29,16:16:28,16:16:33,4,0,25,16:15:33,16:15:38,4,0,24,16:15:20,16:15:25,4,0,27,16:16:01,16:16:06,4,0,,,,,,,,,,,,,,,,,,,,,,,,,,,,,,,,,,,,,,,,,,,,,,,,,,,,,,,,,,,,,,,,,,,,,,,,,,,,,,,,,,,,,,,,,,,,,,,,,,,,,,,,,,,,,,,,,,,,,,,,,,,,,,,,,,,,,,,,,,,,,,,,,,,,,,,2,3,3,8,3,11,4,10,3,2,9,4,8,5,3,3,4,7,4,5,9,6,10,9,6,10,2,3,3,10,2,6,2,9,5,10,7,9,8,4,5,5,10,8,1,8,10,2,7
5/24/2022 16:42,5/24/2022 17:18,DBY06,0,23,4,1,4,0,,Lisboa,2,6,6,6,0,1,,,,,,,,,,,,,,,,,,,,,,,,,,,,,,,,,,,,,,,,,,,,,,,,,,,,,,,,,,,,,,,,,,,,,,,,,,,,,,,,,,,,,,,,,,,,,,,,,,,,,,,,,,,,,,,,,,,,,,,,,,,,,,,,,,,,,,,,,,,,,,,,,,,,,,,11,17:02:01,17:02:06,3,3,3,16:58:38,16:58:43,4,2,27,17:06:32,17:06:37,0,5,10,17:01:32,17:01:37,0,6,22,17:05:04,17:05:09,2,5,4,16:58:55,16:59:00,3,3,6,16:59:51,16:59:56,3,2,13,17:02:41,17:02:46,1,6,20,17:04:35,17:04:40,4,3,15,17:03:16,17:03:21,4,3,12,17:02:22,17:02:27,4,3,16,17:03:32,17:03:37,4,3,14,17:02:56,17:03:01,4,3,18,17:04:03,17:04:08,4,3,9,17:01:07,17:01:12,3,5,2,16:58:15,16:58:20,4,3,23,17:05:23,17:05:28,2,5,0,16:57:13,16:57:18,3,5,8,17:00:46,17:00:51,2,5,29,17:07:07,17:07:12,3,4,25,17:05:58,17:06:03,2,4,7,17:00:16,17:00:21,3,3,24,17:05:44,17:05:49,2,5,5,16:59:26,16:59:31,3,2,19,17:04:16,17:04:21,4,3,28,17:06:52,17:06:57,4,2,26,17:06:19,17:06:24,4,4,17,17:03:46,17:03:51,2,5,21,17:04:48,17:04:53,3,3,1,16:57:52,16:57:57,2,6,1,2,8,8,5,2,7,8,8,5,11,7,5,5,3,5,7,9,9,7,8,2,8,1,1,8,7,1,1,11,2,2,2,6,2,2,8,8,8,1,4,2,11,11,2,1,11,3,4
5/25/2022 15:56,5/25/2022 16:36,DBY07,1,21,5,4,6,0,,Lisboa,2,6,4,4,0,0,24,16:28:31,16:28:36,2,0,7,16:23:53,16:23:59,4,0,9,16:24:30,16:24:35,4,0,19,16:27:13,16:27:18,5,1,3,16:22:43,16:22:48,4,1,29,16:29:48,16:29:53,4,0,17,16:26:44,16:26:49,4,0,25,16:28:45,16:28:50,2,1,26,16:28:58,16:29:03,4,0,12,16:25:19,16:25:24,4,1,20,16:27:28,16:27:33,3,0,14,16:25:52,16:25:57,5,1,5,16:23:15,16:23:20,4,1,13,16:25:33,16:25:38,4,1,15,16:26:11,16:26:16,4,1,23,16:28:17,16:28:22,2,0,10,16:24:45,16:24:50,5,0,27,16:29:20,16:29:25,5,2,28,16:29:34,16:29:39,4,0,21,16:27:46,16:27:51,4,1,1,16:22:09,16:22:14,4,1,0,16:21:45,16:21:50,4,1,16,16:26:29,16:26:34,4,1,2,16:22:27,16:22:32,4,1,11,16:25:05,16:25:10,3,0,18,16:26:57,16:27:02,4,1,22,16:28:00,16:28:05,4,1,8,16:24:08,16:24:13,4,0,6,16:23:33,16:23:38,4,0,4,16:22:58,16:23:03,4,1,,,,,,,,,,,,,,,,,,,,,,,,,,,,,,,,,,,,,,,,,,,,,,,,,,,,,,,,,,,,,,,,,,,,,,,,,,,,,,,,,,,,,,,,,,,,,,,,,,,,,,,,,,,,,,,,,,,,,,,,,,,,,,,,,,,,,,,,,,,,,,,,,,,,,,,1,11,11,11,11,11,11,11,9,9,4,11,10,9,11,9,9,11,10,9,1,2,2,1,1,1,8,6,8,9,1,1,1,7,2,7,4,3,3,3,5,3,11,9,11,9,11,2,8
5/25/2022 16:41,5/25/2022 17:03,DBY08,0,24,5,1,4,0,,Setúbal,2,6,4,1,0,1,,,,,,,,,,,,,,,,,,,,,,,,,,,,,,,,,,,,,,,,,,,,,,,,,,,,,,,,,,,,,,,,,,,,,,,,,,,,,,,,,,,,,,,,,,,,,,,,,,,,,,,,,,,,,,,,,,,,,,,,,,,,,,,,,,,,,,,,,,,,,,,,,,,,,,,11,16:54:34,16:54:39,1,1,7,16:53:34,16:53:39,0,2,25,16:57:31,16:57:36,0,5,19,16:56:15,16:56:20,0,4,8,16:53:47,16:53:52,0,3,13,16:54:59,16:55:04,0,4,5,16:53:02,16:53:07,0,3,12,16:54:46,16:54:51,0,3,10,16:54:18,16:54:23,1,3,22,16:56:55,16:57:00,1,2,3,16:52:33,16:52:38,0,4,9,16:54:02,16:54:07,0,4,24,16:57:19,16:57:24,1,2,27,16:58:00,16:58:05,1,1,6,16:53:18,16:53:23,1,1,0,16:51:33,16:51:38,0,3,14,16:55:11,16:55:16,2,2,4,16:52:47,16:52:52,0,3,26,16:57:46,16:57:51,2,0,29,16:58:24,16:58:29,1,1,20,16:56:31,16:56:36,1,1,2,16:52:18,16:52:23,0,3,17,16:55:49,16:55:54,2,2,1,16:52:05,16:52:10,0,0,28,16:58:12,16:58:17,1,2,21,16:56:42,16:56:47,1,1,18,16:56:01,16:56:06,1,2,23,16:57:07,16:57:12,1,2,15,16:55:24,16:55:29,2,1,16,16:55:38,16:55:43,0,3,7,6,6,7,11,11,10,9,9,6,6,6,6,6,6,6,6,6,6,6,4,6,2,3,3,3,6,6,5,6,2,2,1,3,3,3,4,4,2,2,4,2,3,3,2,5,3,2,7
5/25/2022 17:05,5/25/2022 17:30,DBY09,0,22,5,0,6,0,,Setúbal,2,6,6,5,0,0,8,17:18:37,17:18:42,4,5,13,17:19:52,17:19:57,5,5,10,17:19:09,17:19:14,5,3,23,17:22:11,17:22:16,4,5,0,17:15:52,17:15:57,4,2,28,17:23:21,17:23:26,5,3,3,17:17:06,17:17:11,4,4,16,17:20:32,17:20:37,5,6,25,17:22:38,17:22:43,5,7,12,17:19:36,17:19:41,5,6,2,17:16:49,17:16:54,7,1,6,17:18:07,17:18:12,8,1,26,17:22:52,17:22:57,6,6,19,17:21:15,17:21:20,1,7,15,17:20:19,17:20:24,4,4,24,17:22:25,17:22:30,2,6,5,17:17:47,17:17:52,4,3,22,17:21:59,17:22:04,6,7,27,17:23:07,17:23:12,3,6,17,17:20:46,17:20:51,7,2,18,17:21:01,17:21:06,2,6,1,17:16:29,17:16:34,6,2,11,17:19:22,17:19:27,3,5,4,17:17:27,17:17:32,3,4,20,17:21:31,17:21:36,5,5,29,17:23:34,17:23:39,5,7,9,17:18:56,17:19:01,5,3,7,17:18:22,17:18:27,6,0,21,17:21:45,17:21:50,6,3,14,17:20:06,17:20:11,6,2,,,,,,,,,,,,,,,,,,,,,,,,,,,,,,,,,,,,,,,,,,,,,,,,,,,,,,,,,,,,,,,,,,,,,,,,,,,,,,,,,,,,,,,,,,,,,,,,,,,,,,,,,,,,,,,,,,,,,,,,,,,,,,,,,,,,,,,,,,,,,,,,,,,,,,,4,11,9,11,11,9,11,11,11,11,5,11,11,11,11,9,11,11,11,11,1,1,9,2,1,9,6,4,3,11,1,2,1,3,1,2,7,9,2,9,9,8,11,11,10,8,11,2,7
5/26/2022 8:40,5/26/2022 10:10,DBY10,0,21,5,0,7,0,,Lisboa,2,6,6,6,0,1,,,,,,,,,,,,,,,,,,,,,,,,,,,,,,,,,,,,,,,,,,,,,,,,,,,,,,,,,,,,,,,,,,,,,,,,,,,,,,,,,,,,,,,,,,,,,,,,,,,,,,,,,,,,,,,,,,,,,,,,,,,,,,,,,,,,,,,,,,,,,,,,,,,,,,,15,9:55:32,9:55:37,1,7,3,9:51:19,9:51:24,0,8,23,9:58:31,9:58:36,0,8,11,9:53:59,9:54:04,0,8,26,9:59:28,9:59:33,0,8,16,9:55:53,9:55:58,0,8,1,9:50:24,9:50:29,1,7,18,9:56:41,9:56:46,0,8,2,9:50:44,9:50:49,1,6,10,9:53:39,9:53:44,0,8,29,10:00:48,10:00:53,0,7,19,9:56:59,9:57:04,0,7,21,9:57:41,9:57:46,1,7,9,9:53:22,9:53:27,0,8,14,9:55:07,9:55:12,2,7,27,9:59:46,9:59:51,2,5,20,9:57:15,9:57:20,1,7,0,9:49:53,9:49:58,2,6,6,9:52:13,9:52:18,0,7,12,9:54:13,9:54:18,3,5,4,9:51:36,9:51:41,1,7,24,9:58:48,9:58:53,0,8,8,9:53:01,9:53:06,0,8,28,10:00:22,10:00:27,1,7,17,9:56:08,9:56:13,2,5,25,9:59:04,9:59:09,3,5,22,9:58:07,9:58:12,3,4,7,9:52:37,9:52:42,1,6,13,9:54:40,9:54:45,4,4,5,9:51:57,9:52:02,0,8,8,11,10,9,11,11,11,7,9,9,10,11,11,9,9,10,11,8,11,7,1,1,3,5,2,8,7,6,7,11,1,1,1,2,1,4,3,4,1,3,2,11,10,7,8,6,9,1,10
5/26/2022 10:17,5/26/2022 10:45,DBY11,0,23,5,0,7,1,Americana,Lisboa,2,5,4,6,0,0,14,10:35:30,10:35:35,6,1,28,10:38:34,10:38:39,7,2,7,10:33:50,10:33:55,6,2,26,10:38:07,10:38:12,4,0,19,10:36:39,10:36:44,4,0,22,10:37:15,10:37:20,4,0,20,10:36:51,10:36:56,4,4,6,10:33:37,10:33:42,4,0,18,10:36:26,10:36:31,4,2,0,10:31:55,10:32:00,4,1,16,10:35:59,10:36:04,4,0,12,10:35:03,10:35:08,5,0,21,10:37:03,10:37:08,4,1,2,10:32:34,10:32:39,3,2,4,10:33:11,10:33:16,4,0,10,10:34:35,10:34:40,4,0,23,10:37:28,10:37:33,4,0,1,10:32:19,10:32:24,4,4,25,10:37:53,10:37:58,5,1,27,10:38:20,10:38:25,5,1,29,10:38:49,10:38:54,4,0,17,10:36:13,10:36:18,4,0,3,10:32:56,10:33:01,4,1,15,10:35:47,10:35:52,4,0,13,10:35:17,10:35:22,5,1,8,10:34:10,10:34:15,4,0,5,10:33:24,10:33:29,4,0,24,10:37:41,10:37:46,4,2,9,10:34:23,10:34:28,4,0,11,10:34:48,10:34:53,4,0,,,,,,,,,,,,,,,,,,,,,,,,,,,,,,,,,,,,,,,,,,,,,,,,,,,,,,,,,,,,,,,,,,,,,,,,,,,,,,,,,,,,,,,,,,,,,,,,,,,,,,,,,,,,,,,,,,,,,,,,,,,,,,,,,,,,,,,,,,,,,,,,,,,,,,,11,10,8,4,10,1,3,4,9,9,11,9,3,2,10,2,2,2,9,6,1,2,7,1,1,2,7,7,4,7,1,2,1,1,1,9,2,3,3,5,11,9,8,9,1,2,11,1,8
5/26/2022 10:49,5/26/2022 11:13,DBY12,1,20,5,3,3,0,,Lisboa,2,5,4,5,0,1,,,,,,,,,,,,,,,,,,,,,,,,,,,,,,,,,,,,,,,,,,,,,,,,,,,,,,,,,,,,,,,,,,,,,,,,,,,,,,,,,,,,,,,,,,,,,,,,,,,,,,,,,,,,,,,,,,,,,,,,,,,,,,,,,,,,,,,,,,,,,,,,,,,,,,,1,11:01:42,11:01:47,5,5,29,11:08:14,11:08:19,4,0,25,11:07:21,11:07:26,0,8,28,11:08:02,11:08:07,1,8,20,11:06:14,11:06:19,1,6,24,11:07:08,11:07:13,0,8,10,11:04:02,11:04:07,1,7,8,11:03:35,11:03:40,2,6,18,11:05:48,11:05:53,4,0,17,11:05:34,11:05:39,4,0,0,11:01:23,11:01:28,4,1,14,11:04:55,11:05:00,4,0,13,11:04:42,11:04:47,4,4,4,11:02:40,11:02:45,4,4,5,11:02:52,11:02:57,3,5,23,11:06:54,11:06:59,1,8,26,11:07:35,11:07:40,0,7,19,11:06:00,11:06:05,1,7,11,11:04:16,11:04:21,1,6,21,11:06:28,11:06:33,4,0,3,11:02:21,11:02:26,1,7,9,11:03:49,11:03:54,1,7,7,11:03:21,11:03:26,0,7,12,11:04:29,11:04:34,1,7,16,11:05:21,11:05:26,1,7,6,11:03:07,11:03:12,2,5,2,11:02:05,11:02:10,4,5,15,11:05:08,11:05:13,1,7,22,11:06:41,11:06:46,1,6,27,11:07:48,11:07:53,1,6,1,3,11,3,10,11,10,9,9,11,3,3,8,10,9,11,9,6,5,9,2,11,5,5,7,5,9,7,5,8,3,2,4,11,9,7,9,8,6,3,8,9,11,8,1,10,10,4,3
5/26/2022 11:18,5/26/2022 11:42,DBY13,0,23,5,2,5,0,,Lisboa,2,6,6,5,0,0,28,11:34:34,11:34:39,4,1,27,11:34:21,11:34:26,4,0,20,11:32:41,11:32:46,4,4,12,11:30:38,11:30:43,4,0,1,11:28:10,11:28:15,4,0,18,11:32:13,11:32:18,4,1,15,11:31:17,11:31:22,4,0,16,11:31:30,11:31:35,5,0,7,11:29:33,11:29:38,4,0,29,11:34:48,11:34:53,4,1,14,11:31:04,11:31:09,4,0,24,11:33:34,11:33:39,6,0,23,11:33:20,11:33:25,4,2,4,11:28:53,11:28:58,4,0,17,11:31:48,11:31:53,4,0,21,11:32:53,11:32:58,4,0,19,11:32:27,11:32:32,4,1,3,11:28:39,11:28:44,4,0,22,11:33:05,11:33:10,4,1,0,11:27:53,11:27:58,4,0,26,11:34:07,11:34:12,4,1,2,11:28:24,11:28:29,5,0,25,11:33:50,11:33:55,5,2,5,11:29:06,11:29:11,4,0,13,11:30:50,11:30:55,4,0,11,11:30:25,11:30:30,4,0,6,11:29:21,11:29:26,4,0,9,11:30:00,11:30:05,4,0,8,11:29:48,11:29:53,4,0,10,11:30:13,11:30:18,4,0,,,,,,,,,,,,,,,,,,,,,,,,,,,,,,,,,,,,,,,,,,,,,,,,,,,,,,,,,,,,,,,,,,,,,,,,,,,,,,,,,,,,,,,,,,,,,,,,,,,,,,,,,,,,,,,,,,,,,,,,,,,,,,,,,,,,,,,,,,,,,,,,,,,,,,,5,5,7,5,9,1,8,5,8,6,10,7,9,9,10,10,11,10,11,8,9,4,7,8,3,8,2,2,1,3,3,3,3,8,9,9,6,7,5,3,11,6,9,9,5,6,11,3,8
5/26/2022 16:17,5/26/2022 16:41,DBY14,1,26,5,1,9,0,,Lisboa,2,5,1,3,0,1,,,,,,,,,,,,,,,,,,,,,,,,,,,,,,,,,,,,,,,,,,,,,,,,,,,,,,,,,,,,,,,,,,,,,,,,,,,,,,,,,,,,,,,,,,,,,,,,,,,,,,,,,,,,,,,,,,,,,,,,,,,,,,,,,,,,,,,,,,,,,,,,,,,,,,,3,16:28:36,16:28:41,1,0,27,16:35:30,16:35:35,5,0,0,16:27:38,16:27:43,3,8,9,16:30:16,16:30:21,0,4,5,16:29:14,16:29:19,0,0,29,16:36:13,16:36:18,0,8,20,16:33:44,16:33:49,1,6,12,16:31:16,16:31:21,0,8,24,16:34:46,16:34:51,6,0,17,16:32:29,16:32:34,6,0,4,16:28:56,16:29:01,5,6,26,16:35:16,16:35:21,7,0,1,16:27:59,16:28:04,5,6,19,16:33:29,16:33:34,5,0,22,16:34:15,16:34:20,5,0,6,16:29:29,16:29:34,2,8,15,16:32:01,16:32:06,0,8,7,16:29:46,16:29:51,2,8,8,16:30:02,16:30:07,7,0,23,16:34:33,16:34:38,7,0,16,16:32:14,16:32:19,2,8,18,16:33:13,16:33:18,0,8,25,16:35:02,16:35:07,0,8,21,16:34:02,16:34:07,0,8,2,16:28:22,16:28:27,0,8,11,16:30:53,16:30:58,2,5,28,16:35:49,16:35:54,0,8,10,16:30:37,16:30:42,3,0,14,16:31:42,16:31:47,3,0,13,16:31:30,16:31:35,0,8,1,1,7,5,1,3,1,1,1,1,5,5,7,8,5,5,5,5,5,5,1,1,1,1,1,1,1,1,1,1,1,1,1,11,11,11,1,1,1,1,1,11,11,11,11,11,11,9,0
5/26/2022 16:54,5/26/2022 17:31,DBY15,0,23,5,1,4,0,,Lisboa,2,6,5,6,0,0,17,17:21:32,17:21:37,4,4,9,17:18:59,17:19:04,6,5,11,17:19:32,17:19:37,6,2,6,17:17:48,17:17:53,4,2,12,17:19:54,17:19:59,5,3,5,17:17:27,17:17:32,3,3,20,17:22:13,17:22:18,5,3,28,17:24:18,17:24:23,5,5,14,17:20:30,17:20:35,6,2,18,17:21:44,17:21:49,4,3,0,17:15:28,17:15:33,4,3,2,17:16:28,17:16:33,3,2,25,17:23:40,17:23:45,3,5,29,17:24:33,17:24:38,4,4,19,17:21:57,17:22:02,5,5,27,17:24:06,17:24:11,4,4,24,17:23:27,17:23:32,4,4,16,17:21:16,17:21:21,3,5,3,17:16:46,17:16:51,4,3,8,17:18:29,17:18:34,5,4,13,17:20:13,17:20:18,3,4,23,17:23:10,17:23:15,5,2,4,17:17:04,17:17:09,3,4,26,17:23:53,17:23:58,5,3,7,17:18:13,17:18:18,5,3,1,17:16:04,17:16:09,2,4,22,17:22:54,17:22:59,2,3,21,17:22:38,17:22:43,5,1,15,17:20:47,17:20:52,5,2,10,17:19:14,17:19:19,4,4,,,,,,,,,,,,,,,,,,,,,,,,,,,,,,,,,,,,,,,,,,,,,,,,,,,,,,,,,,,,,,,,,,,,,,,,,,,,,,,,,,,,,,,,,,,,,,,,,,,,,,,,,,,,,,,,,,,,,,,,,,,,,,,,,,,,,,,,,,,,,,,,,,,,,,,5,10,9,7,9,4,7,7,9,9,9,10,9,8,10,8,10,9,8,8,5,4,5,4,4,5,6,8,6,6,4,5,5,7,7,8,9,9,6,4,9,9,9,9,7,7,9,2,6
5/26/2022 17:42,5/26/2022 18:27,DBY16,1,18,4,0,6,0,,Setúbal,2,6,4,5,0,1,,,,,,,,,,,,,,,,,,,,,,,,,,,,,,,,,,,,,,,,,,,,,,,,,,,,,,,,,,,,,,,,,,,,,,,,,,,,,,,,,,,,,,,,,,,,,,,,,,,,,,,,,,,,,,,,,,,,,,,,,,,,,,,,,,,,,,,,,,,,,,,,,,,,,,,1,18:00:17,18:00:22,2,1,7,18:03:02,18:03:07,0,5,13,18:05:12,18:05:17,0,8,26,18:10:24,18:10:29,0,8,10,18:04:23,18:04:28,0,8,20,18:07:54,18:07:59,0,7,14,18:05:26,18:05:31,3,4,12,18:04:56,18:05:01,0,6,15,18:05:51,18:05:56,3,1,3,18:01:09,18:01:14,0,6,8,18:03:29,18:03:34,0,7,11,18:04:39,18:04:44,1,7,18,18:07:13,18:07:18,0,5,21,18:08:08,18:08:13,2,2,29,18:11:27,18:11:32,4,1,4,18:01:31,18:01:36,0,5,27,18:10:36,18:10:41,3,4,25,18:10:02,18:10:07,0,7,16,18:06:12,18:06:17,3,1,9,18:04:06,18:04:11,1,7,24,18:09:29,18:09:34,1,5,6,18:02:31,18:02:36,0,5,17,18:06:43,18:06:48,1,5,0,17:59:22,17:59:27,0,3,23,18:08:58,18:09:03,3,4,28,18:11:02,18:11:07,4,0,5,18:01:50,18:01:55,3,3,2,18:00:42,18:00:47,1,2,19,18:07:32,18:07:37,2,5,22,18:08:28,18:08:33,0,7,6,9,11,8,10,9,11,9,11,10,11,11,11,7,9,8,9,9,11,8,6,2,9,3,2,9,3,3,2,8,2,7,4,9,11,10,8,8,5,6,9,8,11,11,7,10,11,2,7
5/27/2022 8:52,5/27/2022 9:18,DBY17,0,20,4,0,3,0,,Lisboa,2,6,4,6,0,0,14,9:11:38,9:11:43,5,5,8,9:10:08,9:10:13,5,2,9,9:10:25,9:10:30,6,6,16,9:12:01,9:12:06,6,6,13,9:11:25,9:11:30,6,6,1,9:08:16,9:08:21,7,1,29,9:15:05,9:15:10,5,5,19,9:12:44,9:12:49,5,5,5,9:09:25,9:09:30,7,5,27,9:14:40,9:14:45,6,6,17,9:12:13,9:12:18,6,6,26,9:14:28,9:14:33,7,7,25,9:14:01,9:14:06,4,4,3,9:08:50,9:08:55,5,1,18,9:12:27,9:12:32,6,1,7,9:09:56,9:10:01,3,3,24,9:13:48,9:13:53,5,5,6,9:09:39,9:09:44,5,3,21,9:13:08,9:13:13,7,6,2,9:08:36,9:08:41,7,1,28,9:14:53,9:14:58,4,4,22,9:13:22,9:13:27,7,5,0,9:07:48,9:07:53,4,1,4,9:09:08,9:09:13,7,6,20,9:12:57,9:13:02,5,5,12,9:11:10,9:11:15,3,3,15,9:11:50,9:11:55,5,5,11,9:10:54,9:10:59,5,1,10,9:10:39,9:10:44,6,2,23,9:13:35,9:13:40,5,5,,,,,,,,,,,,,,,,,,,,,,,,,,,,,,,,,,,,,,,,,,,,,,,,,,,,,,,,,,,,,,,,,,,,,,,,,,,,,,,,,,,,,,,,,,,,,,,,,,,,,,,,,,,,,,,,,,,,,,,,,,,,,,,,,,,,,,,,,,,,,,,,,,,,,,,4,10,9,11,11,11,11,10,10,5,6,7,4,4,5,4,4,4,4,4,3,1,3,1,1,1,7,7,7,7,3,3,2,7,7,8,7,7,7,2,7,8,9,8,9,8,9,5,3
5/27/2022 9:37,5/27/2022 10:42,DBY18,1,21,4,1,4,0,,Lisboa,2,6,6,5,0,1,,,,,,,,,,,,,,,,,,,,,,,,,,,,,,,,,,,,,,,,,,,,,,,,,,,,,,,,,,,,,,,,,,,,,,,,,,,,,,,,,,,,,,,,,,,,,,,,,,,,,,,,,,,,,,,,,,,,,,,,,,,,,,,,,,,,,,,,,,,,,,,,,,,,,,,3,10:31:46,10:31:51,0,6,22,10:36:12,10:36:17,0,6,6,10:32:32,10:32:37,0,8,18,10:35:21,10:35:26,0,7,28,10:37:27,10:37:32,0,7,21,10:35:59,10:36:04,0,7,12,10:33:59,10:34:04,0,5,10,10:33:32,10:33:37,0,8,2,10:31:27,10:31:32,2,1,24,10:36:37,10:36:42,0,6,29,10:37:39,10:37:44,0,5,14,10:34:28,10:34:33,0,7,4,10:32:01,10:32:06,0,7,5,10:32:18,10:32:23,0,7,20,10:35:46,10:35:51,0,7,8,10:32:58,10:33:03,0,7,27,10:37:14,10:37:19,0,6,1,10:31:11,10:31:16,0,6,7,10:32:45,10:32:50,0,6,23,10:36:25,10:36:30,0,3,11,10:33:45,10:33:50,0,3,19,10:35:33,10:35:38,0,6,16,10:34:55,10:35:00,0,7,0,10:30:33,10:30:38,0,3,9,10:33:16,10:33:21,0,6,17,10:35:09,10:35:14,0,6,13,10:34:14,10:34:19,0,4,25,10:36:49,10:36:54,0,7,26,10:37:02,10:37:07,0,6,15,10:34:42,10:34:47,0,8,5,5,8,8,2,6,8,1,7,1,10,8,8,10,5,3,9,1,8,1,1,1,3,1,1,3,8,6,6,10,1,1,2,11,11,11,9,8,6,2,8,2,4,6,2,6,10,1,4
5/27/2022 10:55,5/27/2022 13:06,DBY19,1,20,4,1,6,0,,Lisboa,2,3,6,5,0,0,25,13:01:31,13:01:36,3,3,0,12:55:47,12:55:52,7,6,29,13:02:19,13:02:24,4,4,1,12:56:11,12:56:16,7,5,28,13:02:08,13:02:13,3,3,21,13:00:43,13:00:48,4,4,2,12:56:29,12:56:34,5,4,22,13:00:54,13:00:59,7,7,10,12:58:28,12:58:33,4,4,13,12:59:06,12:59:11,4,4,27,13:01:55,13:02:00,4,2,18,13:00:06,13:00:11,6,6,9,12:58:15,12:58:20,3,3,3,12:56:47,12:56:52,4,5,16,12:59:43,12:59:48,4,4,24,13:01:19,13:01:24,2,2,5,12:57:20,12:57:25,5,3,4,12:57:02,12:57:07,5,5,20,13:00:31,13:00:36,3,3,17,12:59:55,13:00:00,5,5,26,13:01:42,13:01:47,3,4,23,13:01:06,13:01:11,5,5,12,12:58:52,12:58:57,3,2,6,12:57:35,12:57:40,4,4,11,12:58:39,12:58:44,3,4,15,12:59:31,12:59:36,4,4,8,12:58:00,12:58:05,2,3,19,13:00:18,13:00:23,5,3,14,12:59:19,12:59:24,5,5,7,12:57:48,12:57:53,5,5,,,,,,,,,,,,,,,,,,,,,,,,,,,,,,,,,,,,,,,,,,,,,,,,,,,,,,,,,,,,,,,,,,,,,,,,,,,,,,,,,,,,,,,,,,,,,,,,,,,,,,,,,,,,,,,,,,,,,,,,,,,,,,,,,,,,,,,,,,,,,,,,,,,,,,,1,9,5,7,11,10,11,4,3,4,9,1,2,2,1,1,1,6,3,1,8,9,9,6,7,7,7,9,10,7,10,6,8,9,8,7,7,8,8,4,6,5,11,9,8,5,3,6,1
5/27/2022 13:11,5/27/2022 14:19,DBY20,0,21,4,1,3,1,Angolana,Lisboa,2,6,6,5,0,1,,,,,,,,,,,,,,,,,,,,,,,,,,,,,,,,,,,,,,,,,,,,,,,,,,,,,,,,,,,,,,,,,,,,,,,,,,,,,,,,,,,,,,,,,,,,,,,,,,,,,,,,,,,,,,,,,,,,,,,,,,,,,,,,,,,,,,,,,,,,,,,,,,,,,,,28,14:09:12,14:09:17,4,4,3,14:03:33,14:03:38,4,4,1,14:02:41,14:02:46,4,4,15,14:06:13,14:06:18,4,4,20,14:07:14,14:07:19,4,4,21,14:07:27,14:07:32,3,3,26,14:08:41,14:08:46,4,4,2,14:03:06,14:03:11,4,4,5,14:04:03,14:04:08,4,4,29,14:09:24,14:09:29,4,4,0,14:02:04,14:02:09,4,4,17,14:06:39,14:06:44,4,4,12,14:05:35,14:05:40,4,4,23,14:07:56,14:08:01,4,4,6,14:04:16,14:04:21,4,4,10,14:05:11,14:05:16,4,4,25,14:08:21,14:08:26,3,3,11,14:05:23,14:05:28,4,4,18,14:06:51,14:06:56,4,4,14,14:06:01,14:06:06,4,4,22,14:07:43,14:07:48,4,4,19,14:07:03,14:07:08,4,4,9,14:04:56,14:05:01,4,4,8,14:04:42,14:04:47,3,3,13,14:05:49,14:05:54,4,4,24,14:08:08,14:08:13,4,4,27,14:08:59,14:09:04,4,4,4,14:03:47,14:03:52,3,3,16,14:06:27,14:06:32,4,4,7,14:04:28,14:04:33,4,4,5,8,6,11,11,6,11,6,11,11,5,11,6,11,11,11,6,6,11,11,1,1,5,1,1,1,11,11,1,1,1,1,1,11,11,11,1,1,1,11,1,11,11,11,1,11,11,0,10
5/27/2022 14:24,5/27/2022 15:05,DBY21,1,24,5,1,5,1,AnGoLaNa,Setúbal,2,6,6,5,0,0,13,14:49:18,14:49:23,8,0,2,14:45:21,14:45:26,6,0,17,14:50:22,14:50:27,8,0,16,14:50:06,14:50:11,8,1,24,14:52:02,14:52:07,8,0,29,14:53:22,14:53:27,8,0,15,14:49:52,14:49:57,8,4,7,14:47:15,14:47:20,6,0,28,14:53:05,14:53:10,8,0,10,14:48:24,14:48:29,8,3,27,14:52:50,14:52:55,8,1,12,14:49:03,14:49:08,8,0,21,14:51:20,14:51:25,8,0,20,14:51:06,14:51:11,8,0,5,14:46:30,14:46:35,8,3,11,14:48:46,14:48:51,6,0,18,14:50:36,14:50:41,8,0,25,14:52:19,14:52:24,8,0,0,14:43:57,14:44:02,8,0,6,14:46:56,14:47:01,4,4,19,14:50:51,14:50:56,8,3,14,14:49:38,14:49:43,8,1,9,14:47:59,14:48:04,8,2,23,14:51:48,14:51:53,8,0,1,14:44:52,14:44:57,8,0,26,14:52:35,14:52:40,8,0,8,14:47:37,14:47:42,8,1,3,14:45:43,14:45:48,5,4,4,14:46:05,14:46:11,8,0,22,14:51:35,14:51:40,8,0,,,,,,,,,,,,,,,,,,,,,,,,,,,,,,,,,,,,,,,,,,,,,,,,,,,,,,,,,,,,,,,,,,,,,,,,,,,,,,,,,,,,,,,,,,,,,,,,,,,,,,,,,,,,,,,,,,,,,,,,,,,,,,,,,,,,,,,,,,,,,,,,,,,,,,,1,5,4,11,11,11,11,11,11,11,11,2,8,8,5,3,8,6,3,2,11,9,11,6,3,11,11,5,3,6,5,4,3,11,11,11,11,11,1,1,5,3,11,9,11,11,11,3,4
5/27/2022 16:03,5/27/2022 16:30,DBY22,0,19,4,0,7,0,,Lisboa,2,6,6,5,0,1,,,,,,,,,,,,,,,,,,,,,,,,,,,,,,,,,,,,,,,,,,,,,,,,,,,,,,,,,,,,,,,,,,,,,,,,,,,,,,,,,,,,,,,,,,,,,,,,,,,,,,,,,,,,,,,,,,,,,,,,,,,,,,,,,,,,,,,,,,,,,,,,,,,,,,,11,16:19:51,16:19:56,0,7,6,16:18:37,16:18:42,4,2,15,16:20:55,16:21:00,4,1,21,16:22:29,16:22:34,2,3,16,16:21:11,16:21:16,4,1,24,16:23:20,16:23:25,0,2,2,16:17:33,16:17:38,0,6,14,16:20:40,16:20:45,0,6,8,16:19:07,16:19:12,4,1,3,16:17:48,16:17:53,4,1,26,16:23:49,16:23:54,4,1,20,16:22:15,16:22:20,4,1,7,16:18:54,16:18:59,4,1,27,16:24:06,16:24:11,4,1,22,16:22:51,16:22:56,4,1,18,16:21:46,16:21:51,0,7,25,16:23:35,16:23:40,1,5,1,16:17:19,16:17:24,0,7,13,16:20:25,16:20:30,4,3,12,16:20:05,16:20:10,3,3,9,16:19:20,16:19:25,0,7,5,16:18:23,16:18:28,0,7,4,16:18:08,16:18:13,0,7,23,16:23:04,16:23:09,0,6,17,16:21:26,16:21:31,1,4,19,16:22:01,16:22:06,0,7,28,16:24:19,16:24:24,0,7,0,16:16:49,16:16:54,0,5,10,16:19:37,16:19:42,0,7,29,16:24:32,16:24:37,0,8,6,8,5,10,11,11,11,5,8,4,10,6,10,11,11,10,11,8,6,9,1,1,1,1,1,2,8,8,9,10,2,1,2,1,1,1,3,3,2,1,3,10,6,10,6,2,10,1,9
5/30/2022 15:08,5/30/2022 15:38,DBY23,0,18,4,3,2,0,,Lisboa,2,5,6,5,0,0,16,15:28:37,15:28:42,2,6,25,15:30:49,15:30:54,5,4,29,15:31:51,15:31:56,5,4,3,15:24:49,15:24:54,1,6,5,15:25:27,15:25:32,4,2,9,15:26:42,15:26:47,2,6,17,15:28:53,15:28:58,3,5,6,15:25:48,15:25:53,5,1,18,15:29:08,15:29:13,4,4,12,15:27:33,15:27:38,0,8,24,15:30:35,15:30:40,4,4,27,15:31:19,15:31:24,7,1,8,15:26:28,15:26:33,4,1,28,15:31:35,15:31:40,3,5,1,15:24:11,15:24:16,1,7,11,15:27:17,15:27:22,1,7,19,15:29:20,15:29:25,5,2,15,15:28:24,15:28:29,4,4,20,15:29:35,15:29:40,6,1,10,15:27:00,15:27:05,2,6,2,15:24:32,15:24:37,1,7,7,15:26:07,15:26:12,2,6,26,15:31:04,15:31:09,6,1,0,15:23:25,15:23:30,1,5,23,15:30:20,15:30:25,5,1,13,15:27:53,15:27:58,4,1,4,15:25:09,15:25:14,4,1,21,15:29:49,15:29:54,0,8,22,15:30:05,15:30:10,5,1,14,15:28:06,15:28:11,4,4,,,,,,,,,,,,,,,,,,,,,,,,,,,,,,,,,,,,,,,,,,,,,,,,,,,,,,,,,,,,,,,,,,,,,,,,,,,,,,,,,,,,,,,,,,,,,,,,,,,,,,,,,,,,,,,,,,,,,,,,,,,,,,,,,,,,,,,,,,,,,,,,,,,,,,,3,8,9,11,11,2,8,4,4,4,11,9,11,10,7,7,10,9,9,10,3,3,3,2,2,2,10,10,8,10,2,1,1,6,1,6,1,1,1,10,10,11,11,11,10,11,11,1,9
5/30/2022 16:47,5/30/2022 17:39,DBY24,1,24,5,4,4,0,,Setúbal,2,6,6,1,0,1,,,,,,,,,,,,,,,,,,,,,,,,,,,,,,,,,,,,,,,,,,,,,,,,,,,,,,,,,,,,,,,,,,,,,,,,,,,,,,,,,,,,,,,,,,,,,,,,,,,,,,,,,,,,,,,,,,,,,,,,,,,,,,,,,,,,,,,,,,,,,,,,,,,,,,,4,17:22:13,17:22:18,3,4,23,17:28:46,17:28:51,3,5,2,17:21:25,17:21:30,2,6,1,17:20:56,17:21:01,2,5,27,17:29:41,17:29:46,3,4,20,17:27:39,17:27:44,2,7,29,17:30:08,17:30:13,3,5,5,17:22:37,17:22:42,3,4,16,17:26:34,17:26:39,3,2,0,17:20:17,17:20:22,3,5,24,17:28:58,17:29:03,3,5,21,17:27:57,17:28:02,3,5,12,17:24:56,17:25:01,3,5,18,17:27:08,17:27:13,3,5,25,17:29:13,17:29:18,4,4,3,17:21:47,17:21:52,1,6,10,17:24:09,17:24:14,2,5,17,17:26:50,17:26:55,2,5,7,17:23:15,17:23:20,3,3,6,17:22:54,17:22:59,3,4,26,17:29:25,17:29:30,3,5,8,17:23:37,17:23:42,2,6,13,17:25:15,17:25:20,2,5,19,17:27:23,17:27:28,3,4,22,17:28:12,17:28:17,4,4,9,17:23:53,17:23:58,2,5,14,17:25:30,17:25:35,2,5,15,17:26:06,17:26:11,2,4,28,17:29:56,17:30:01,4,4,11,17:24:26,17:24:31,4,4,1,3,3,9,2,9,8,4,8,3,10,6,8,3,3,1,6,3,8,3,1,1,3,1,1,5,9,3,3,11,2,3,2,10,11,6,10,9,10,2,2,11,11,11,11,11,11,4,3
5/31/2022 14:47,5/31/2022 15:19,DBY25,0,27,4,1,4,0,,Lisboa,2,6,6,1,0,0,11,15:05:52,15:05:57,5,4,7,15:04:48,15:04:53,4,4,3,15:03:35,15:03:40,6,2,5,15:04:13,15:04:18,4,4,20,15:08:05,15:08:10,4,4,18,15:07:38,15:07:43,6,2,24,15:09:05,15:09:10,2,6,9,15:05:19,15:05:24,4,4,0,15:02:15,15:02:20,6,1,29,15:10:16,15:10:21,4,4,17,15:07:25,15:07:30,4,4,4,15:03:55,15:04:00,7,1,21,15:08:17,15:08:22,1,7,27,15:09:49,15:09:54,2,6,19,15:07:52,15:07:57,4,4,13,15:06:19,15:06:24,3,4,14,15:06:39,15:06:44,6,2,23,15:08:47,15:08:52,2,6,28,15:10:05,15:10:10,4,4,26,15:09:35,15:09:40,5,3,15,15:06:55,15:07:00,4,4,6,15:04:32,15:04:37,7,1,25,15:09:19,15:09:24,6,2,2,15:03:14,15:03:19,6,2,16,15:07:08,15:07:13,7,1,12,15:06:05,15:06:10,4,4,8,15:05:05,15:05:10,4,4,22,15:08:34,15:08:39,4,4,1,15:02:54,15:02:59,4,4,10,15:05:36,15:05:41,4,4,,,,,,,,,,,,,,,,,,,,,,,,,,,,,,,,,,,,,,,,,,,,,,,,,,,,,,,,,,,,,,,,,,,,,,,,,,,,,,,,,,,,,,,,,,,,,,,,,,,,,,,,,,,,,,,,,,,,,,,,,,,,,,,,,,,,,,,,,,,,,,,,,,,,,,,10,10,9,10,9,9,10,10,10,10,10,10,9,10,10,9,10,10,10,10,1,1,2,1,1,2,10,11,8,11,1,1,1,2,2,2,2,10,1,10,6,10,11,11,9,8,11,1,10
1/6/2022 14:56,1/6/2022 16:10,DBY26,0,32,5,1,3,0,,Lisboa,2,6,1,1,0,1,,,,,,,,,,,,,,,,,,,,,,,,,,,,,,,,,,,,,,,,,,,,,,,,,,,,,,,,,,,,,,,,,,,,,,,,,,,,,,,,,,,,,,,,,,,,,,,,,,,,,,,,,,,,,,,,,,,,,,,,,,,,,,,,,,,,,,,,,,,,,,,,,,,,,,,17,15:58:25,15:58:30,3,1,26,16:00:40,16:00:45,4,0,14,15:57:41,15:57:46,1,3,19,15:58:58,15:59:03,3,1,2,15:54:32,15:54:37,5,0,11,15:56:53,15:56:58,2,2,21,15:59:28,15:59:33,3,1,7,15:55:58,15:56:03,3,1,1,15:54:14,15:54:19,4,1,8,15:56:13,15:56:18,4,0,12,15:57:12,15:57:17,2,2,6,15:55:45,15:55:50,4,0,29,16:01:22,16:01:27,4,0,15,15:57:56,15:58:01,3,1,24,16:00:13,16:00:18,4,0,0,15:53:48,15:53:53,2,2,28,16:01:08,16:01:13,3,1,10,15:56:40,15:56:45,2,2,9,15:56:26,15:56:31,2,2,4,15:55:14,15:55:19,5,0,25,16:00:26,16:00:31,3,1,13,15:57:27,15:57:32,2,2,23,15:59:57,16:00:02,3,1,22,15:59:42,15:59:47,2,2,20,15:59:13,15:59:18,3,1,18,15:58:41,15:58:46,2,2,27,16:00:53,16:00:58,2,3,5,15:55:30,15:55:35,2,2,16,15:58:10,15:58:15,3,1,3,15:54:50,15:54:55,2,3,6,6,6,6,6,6,6,6,6,6,10,8,4,4,4,3,7,9,9,8,3,6,5,3,4,8,3,3,3,8,4,8,5,9,8,9,9,9,7,4,8,4,9,7,6,4,8,2,4
2/6/2022 9:01,2/6/2022 11:14,DBY27,1,25,4,1,6,0,,Lisboa,2,5,6,4,0,0,11,11:02:41,11:02:46,4,0,4,11:00:44,11:00:49,3,0,12,11:02:57,11:03:02,4,0,8,11:01:50,11:01:55,1,1,18,11:04:18,11:04:23,4,0,20,11:04:44,11:04:49,4,0,23,11:05:27,11:05:32,4,0,26,11:06:09,11:06:14,4,0,19,11:04:31,11:04:36,4,0,13,11:03:13,11:03:18,5,0,7,11:01:38,11:01:43,4,0,28,11:06:33,11:06:38,8,8,14,11:03:28,11:03:33,4,0,2,10:59:58,11:00:03,4,0,9,11:02:07,11:02:12,6,0,1,10:59:44,10:59:49,4,0,5,11:01:05,11:01:10,4,0,24,11:05:42,11:05:47,4,0,15,11:03:39,11:03:44,4,0,21,11:04:56,11:05:01,8,3,27,11:06:21,11:06:26,4,0,22,11:05:12,11:05:17,6,2,3,11:00:14,11:00:19,4,0,16,11:03:51,11:03:56,4,0,17,11:04:05,11:04:10,4,0,29,11:06:46,11:06:51,4,0,10,11:02:20,11:02:25,3,2,0,10:59:27,10:59:32,4,0,6,11:01:19,11:01:24,4,0,25,11:05:56,11:06:01,5,0,,,,,,,,,,,,,,,,,,,,,,,,,,,,,,,,,,,,,,,,,,,,,,,,,,,,,,,,,,,,,,,,,,,,,,,,,,,,,,,,,,,,,,,,,,,,,,,,,,,,,,,,,,,,,,,,,,,,,,,,,,,,,,,,,,,,,,,,,,,,,,,,,,,,,,,1,3,3,3,6,5,4,3,4,3,2,2,2,1,1,2,2,3,3,3,5,4,4,5,5,7,1,1,1,6,2,9,4,6,6,7,7,6,5,3,3,7,7,7,3,10,11,3,3
3/6/2022 10:25,3/6/2022 10:53,DBY28,1,37,4,1,3,0,,Lisboa,2,6,4,5,0,1,,,,,,,,,,,,,,,,,,,,,,,,,,,,,,,,,,,,,,,,,,,,,,,,,,,,,,,,,,,,,,,,,,,,,,,,,,,,,,,,,,,,,,,,,,,,,,,,,,,,,,,,,,,,,,,,,,,,,,,,,,,,,,,,,,,,,,,,,,,,,,,,,,,,,,,7,10:40:19,10:40:24,3,6,0,10:37:13,10:37:18,0,1,25,10:44:29,10:44:34,0,8,9,10:40:48,10:40:53,0,8,29,10:45:35,10:45:40,0,8,17,10:42:36,10:42:41,0,8,5,10:39:38,10:39:43,3,5,19,10:43:06,10:43:11,1,7,27,10:44:59,10:45:04,5,0,28,10:45:19,10:45:24,3,1,6,10:40:00,10:40:05,2,4,26,10:44:42,10:44:47,2,5,1,10:37:54,10:37:59,4,2,2,10:38:24,10:38:29,3,2,8,10:40:34,10:40:39,0,7,4,10:39:09,10:39:14,0,8,13,10:41:41,10:41:46,1,7,24,10:44:16,10:44:21,0,8,10,10:41:02,10:41:07,2,5,11,10:41:15,10:41:20,2,6,18,10:42:49,10:42:54,2,6,22,10:43:50,10:43:55,0,8,3,10:38:44,10:38:49,0,8,21,10:43:33,10:43:38,1,7,14,10:41:56,10:42:01,0,8,20,10:43:19,10:43:24,2,6,16,10:42:22,10:42:27,2,7,15,10:42:09,10:42:14,1,7,23,10:44:03,10:44:08,2,6,12,10:41:28,10:41:33,2,5,1,5,4,10,6,11,8,9,8,10,11,8,10,11,1,5,7,7,7,8,1,1,1,1,1,1,11,10,10,11,1,1,1,3,2,4,5,4,2,10,6,11,8,10,8,9,11,1,10
4/6/2022 14:50,4/6/2022 15:30,DBY29,0,25,5,0,6,0,,Lisboa,2,6,4,6,0,0,18,15:21:26,15:21:31,5,0,3,15:18:07,15:18:12,6,0,24,15:22:41,15:22:46,5,0,10,15:19:41,15:19:46,6,0,15,15:20:45,15:20:50,5,0,22,15:22:15,15:22:20,5,0,1,15:17:40,15:17:45,6,0,20,15:21:50,15:21:55,7,1,14,15:20:32,15:20:37,5,0,7,15:19:03,15:19:08,6,0,8,15:19:16,15:19:21,6,0,17,15:21:11,15:21:16,7,1,2,15:17:55,15:18:00,6,0,28,15:23:37,15:23:42,5,0,27,15:23:24,15:23:29,5,0,12,15:20:07,15:20:12,5,0,0,15:17:21,15:17:27,6,0,19,15:21:38,15:21:43,7,2,26,15:23:05,15:23:10,5,0,4,15:18:21,15:18:26,7,0,9,15:19:29,15:19:34,6,0,11,15:19:54,15:19:59,6,0,16,15:20:58,15:21:03,6,0,21,15:22:03,15:22:08,5,0,29,15:23:49,15:23:54,4,0,6,15:18:49,15:18:54,5,0,5,15:18:35,15:18:40,6,0,13,15:20:20,15:20:25,5,0,25,15:22:53,15:22:58,5,0,23,15:22:28,15:22:33,4,0,,,,,,,,,,,,,,,,,,,,,,,,,,,,,,,,,,,,,,,,,,,,,,,,,,,,,,,,,,,,,,,,,,,,,,,,,,,,,,,,,,,,,,,,,,,,,,,,,,,,,,,,,,,,,,,,,,,,,,,,,,,,,,,,,,,,,,,,,,,,,,,,,,,,,,,4,8,6,9,10,10,8,6,8,7,8,7,6,7,5,5,6,6,5,9,2,4,6,4,4,6,1,2,1,4,4,7,6,7,7,4,6,6,5,5,6,9,11,11,7,9,10,3,5
4/6/2022 15:40,4/6/2022 16:11,DBY30,0,23,5,1,5,0,,Lisboa,2,6,5,5,0,1,,,,,,,,,,,,,,,,,,,,,,,,,,,,,,,,,,,,,,,,,,,,,,,,,,,,,,,,,,,,,,,,,,,,,,,,,,,,,,,,,,,,,,,,,,,,,,,,,,,,,,,,,,,,,,,,,,,,,,,,,,,,,,,,,,,,,,,,,,,,,,,,,,,,,,,25,16:03:00,16:03:05,1,1,2,15:57:53,15:57:58,1,1,28,16:03:37,16:03:42,0,1,27,16:03:24,16:03:29,0,1,18,16:01:17,16:01:22,0,0,13,16:00:14,16:00:19,1,0,26,16:03:12,16:03:17,1,0,5,15:58:33,15:58:38,1,0,15,16:00:39,16:00:44,2,0,21,16:01:56,16:02:01,0,0,20,16:01:43,16:01:48,1,0,19,16:01:31,16:01:36,1,0,10,15:59:35,15:59:40,1,0,29,16:03:49,16:03:54,1,0,7,15:58:58,15:59:03,1,0,9,15:59:23,15:59:28,1,0,17,16:01:05,16:01:10,1,0,24,16:02:48,16:02:53,1,0,0,15:57:12,15:57:17,4,0,11,15:59:48,15:59:53,2,0,22,16:02:12,16:02:17,1,0,23,16:02:37,16:02:42,1,0,1,15:57:34,15:57:39,2,0,14,16:00:26,16:00:31,2,0,4,15:58:19,15:58:24,2,0,8,15:59:11,15:59:16,1,0,6,15:58:45,15:58:50,2,0,12,16:00:02,16:00:07,2,0,3,15:58:06,15:58:11,4,0,16,16:00:52,16:00:57,0,1,2,2,9,10,4,5,8,8,4,7,10,4,7,6,4,4,7,6,7,8,3,3,6,3,3,8,6,7,6,9,3,2,3,7,8,8,9,7,9,3,4,7,8,9,7,9,8,2,6
6/6/2022 10:57,6/6/2022 11:39,DBY31,1,48,6,0,5,0,,Lisboa,2,6,6,6,0,0,8,11:23:23,11:23:28,6,5,24,11:27:38,11:27:43,4,0,5,11:22:37,11:22:42,1,0,11,11:24:04,11:24:10,2,5,19,11:25:53,11:25:58,3,1,12,11:24:19,11:24:24,0,1,0,11:21:03,11:21:08,0,0,2,11:21:49,11:21:54,3,3,9,11:23:39,11:23:44,1,0,15,11:24:59,11:25:04,7,3,26,11:28:05,11:28:10,4,0,10,11:23:52,11:23:57,2,1,6,11:22:52,11:22:57,5,4,4,11:22:22,11:22:27,2,3,22,11:26:47,11:26:52,4,6,23,11:27:19,11:27:24,4,1,13,11:24:33,11:24:38,4,2,16,11:25:13,11:25:18,0,0,27,11:28:18,11:28:23,4,1,18,11:25:40,11:25:45,2,1,1,11:21:29,11:21:34,0,2,3,11:22:07,11:22:12,0,0,7,11:23:08,11:23:13,6,6,17,11:25:26,11:25:31,1,2,21,11:26:22,11:26:27,3,1,14,11:24:46,11:24:51,0,0,25,11:27:52,11:27:57,4,0,20,11:26:07,11:26:12,0,1,28,11:28:35,11:28:40,4,0,29,11:28:49,11:28:54,4,1,,,,,,,,,,,,,,,,,,,,,,,,,,,,,,,,,,,,,,,,,,,,,,,,,,,,,,,,,,,,,,,,,,,,,,,,,,,,,,,,,,,,,,,,,,,,,,,,,,,,,,,,,,,,,,,,,,,,,,,,,,,,,,,,,,,,,,,,,,,,,,,,,,,,,,,4,8,6,4,1,3,4,6,10,10,7,10,9,8,1,2,8,10,10,11,1,1,3,1,1,2,9,7,5,11,1,1,2,11,10,9,4,4,6,9,9,9,10,11,10,8,11,2,5
8/6/2022 14:35,8/6/2022 15:12,DBY32,1,22,4,0,6,0,,Lisboa,2,6,4,1,0,1,,,,,,,,,,,,,,,,,,,,,,,,,,,,,,,,,,,,,,,,,,,,,,,,,,,,,,,,,,,,,,,,,,,,,,,,,,,,,,,,,,,,,,,,,,,,,,,,,,,,,,,,,,,,,,,,,,,,,,,,,,,,,,,,,,,,,,,,,,,,,,,,,,,,,,,6,14:56:28,14:56:33,3,3,28,15:01:54,15:01:59,4,0,27,15:01:39,15:01:44,3,2,14,14:58:31,14:58:36,3,4,12,14:57:59,14:58:04,3,2,18,14:59:31,14:59:36,1,8,25,15:01:12,15:01:17,3,6,15,14:58:47,14:58:52,3,3,9,14:57:15,14:57:20,4,0,8,14:57:01,14:57:06,4,0,7,14:56:46,14:56:51,4,1,16,14:59:01,14:59:06,4,1,5,14:56:14,14:56:19,4,0,4,14:56:00,14:56:05,4,0,22,15:00:32,15:00:37,4,1,24,15:00:58,15:01:03,1,6,17,14:59:16,14:59:21,1,7,1,14:55:04,14:55:09,4,1,26,15:01:24,15:01:29,4,3,10,14:57:28,14:57:33,4,1,3,14:55:43,14:55:48,1,5,21,15:00:19,15:00:24,2,5,29,15:02:08,15:02:13,0,8,13,14:58:15,14:58:20,2,3,0,14:54:41,14:54:46,4,1,2,14:55:24,14:55:29,3,2,11,14:57:40,14:57:45,2,6,20,15:00:02,15:00:07,3,4,23,15:00:46,15:00:51,4,0,19,14:59:47,14:59:52,3,6,1,5,4,4,8,1,6,2,2,3,9,2,2,2,3,1,3,1,2,2,2,1,11,1,1,3,10,2,6,11,2,5,3,11,11,11,3,6,6,4,11,1,7,10,1,3,11,2,6
8/6/2022 15:19,8/6/2022 16:02,DBY33,1,24,5,4,2,1,Angolana,Setúbal,2,6,1,1,0,0,18,15:47:23,15:47:28,8,4,2,15:41:59,15:42:04,0,6,19,15:47:37,15:47:42,8,4,9,15:45:01,15:45:06,8,4,26,15:49:18,15:49:23,4,4,1,15:41:33,15:41:38,1,1,22,15:48:28,15:48:33,4,4,7,15:44:34,15:44:39,8,0,16,15:46:51,15:46:56,7,5,0,15:40:46,15:40:51,4,0,15,15:46:39,15:46:44,4,4,11,15:45:36,15:45:41,8,0,14,15:46:25,15:46:30,4,4,4,15:43:13,15:43:18,0,4,13,15:46:09,15:46:14,8,4,3,15:42:30,15:42:35,0,3,12,15:45:52,15:45:57,4,4,27,15:49:31,15:49:36,3,3,28,15:49:43,15:49:48,4,4,20,15:47:52,15:47:57,4,4,23,15:48:40,15:48:45,4,4,8,15:44:48,15:44:53,4,4,24,15:48:53,15:48:58,4,4,25,15:49:06,15:49:11,4,4,5,15:43:50,15:43:55,8,8,10,15:45:19,15:45:24,4,4,17,15:47:09,15:47:14,2,2,6,15:44:15,15:44:20,8,0,29,15:49:56,15:50:01,6,4,21,15:48:09,15:48:14,6,1,,,,,,,,,,,,,,,,,,,,,,,,,,,,,,,,,,,,,,,,,,,,,,,,,,,,,,,,,,,,,,,,,,,,,,,,,,,,,,,,,,,,,,,,,,,,,,,,,,,,,,,,,,,,,,,,,,,,,,,,,,,,,,,,,,,,,,,,,,,,,,,,,,,,,,,5,9,5,9,11,9,9,8,5,9,9,11,10,3,6,3,3,6,3,3,5,1,5,5,1,7,3,5,2,9,2,1,3,3,10,5,10,10,10,1,3,5,9,9,2,2,9,1,3
8/6/2022 16:08,8/6/2022 16:36,DBY34,0,20,5,0,5,0,,Santarém,2,6,6,6,0,1,,,,,,,,,,,,,,,,,,,,,,,,,,,,,,,,,,,,,,,,,,,,,,,,,,,,,,,,,,,,,,,,,,,,,,,,,,,,,,,,,,,,,,,,,,,,,,,,,,,,,,,,,,,,,,,,,,,,,,,,,,,,,,,,,,,,,,,,,,,,,,,,,,,,,,,10,16:24:54,16:24:59,0,4,7,16:24:05,16:24:10,0,4,9,16:24:39,16:24:44,0,4,12,16:25:23,16:25:28,0,4,21,16:27:31,16:27:36,0,4,11,16:25:09,16:25:14,0,4,27,16:28:57,16:29:02,0,4,8,16:24:25,16:24:30,0,4,3,16:22:52,16:22:57,2,3,4,16:23:19,16:23:24,0,4,19,16:27:03,16:27:08,0,4,25,16:28:29,16:28:34,0,4,17,16:26:35,16:26:40,0,4,14,16:25:52,16:25:57,0,4,0,16:21:32,16:21:37,0,4,2,16:22:36,16:22:41,0,4,29,16:29:24,16:29:29,0,4,20,16:27:16,16:27:21,0,4,18,16:26:49,16:26:54,0,4,5,16:23:33,16:23:38,0,4,28,16:29:11,16:29:16,0,4,26,16:28:42,16:28:47,0,4,1,16:22:11,16:22:16,0,4,6,16:23:48,16:23:53,0,4,15,16:26:05,16:26:10,0,4,16,16:26:21,16:26:26,0,4,23,16:27:58,16:28:03,0,4,24,16:28:11,16:28:17,0,4,22,16:27:44,16:27:49,0,4,13,16:25:37,16:25:42,0,4,1,9,10,9,11,11,11,10,10,10,11,10,6,5,10,10,10,5,10,5,3,3,7,3,3,8,10,10,10,10,2,2,2,5,6,9,3,7,5,7,7,10,10,10,10,10,10,2,8
9/6/2022 9:07,9/6/2022 17:34,DBY35,0,41,4,1,6,0,,Lisboa,2,6,6,6,0,0,5,17:15:49,17:15:54,4,4,16,17:20:02,17:20:07,2,6,24,17:22:48,17:22:53,5,4,9,17:17:34,17:17:39,1,5,6,17:16:11,17:16:16,6,2,15,17:19:38,17:19:43,5,4,27,17:23:38,17:23:43,4,4,2,17:14:22,17:14:27,8,4,14,17:19:18,17:19:23,3,6,19,17:20:49,17:20:54,4,3,18,17:20:34,17:20:39,3,3,10,17:17:59,17:18:04,4,3,25,17:23:02,17:23:07,4,5,3,17:14:54,17:14:59,0,6,13,17:18:56,17:19:01,3,6,22,17:21:59,17:22:04,2,6,29,17:24:18,17:24:24,1,6,28,17:23:54,17:23:59,6,1,4,17:15:19,17:15:24,7,6,23,17:22:17,17:22:22,3,6,26,17:23:22,17:23:27,3,5,21,17:21:44,17:21:49,4,4,11,17:18:20,17:18:25,3,6,1,17:13:28,17:13:33,8,4,17,17:20:21,17:20:26,7,7,7,17:16:53,17:16:58,1,6,0,17:12:57,17:13:02,6,3,8,17:17:10,17:17:15,3,3,12,17:18:39,17:18:44,5,3,20,17:21:13,17:21:18,4,4,,,,,,,,,,,,,,,,,,,,,,,,,,,,,,,,,,,,,,,,,,,,,,,,,,,,,,,,,,,,,,,,,,,,,,,,,,,,,,,,,,,,,,,,,,,,,,,,,,,,,,,,,,,,,,,,,,,,,,,,,,,,,,,,,,,,,,,,,,,,,,,,,,,,,,,5,3,5,3,10,5,9,5,9,3,3,3,5,3,9,2,8,5,7,3,3,3,10,3,3,9,10,9,10,10,2,2,2,11,9,10,9,8,7,2,7,8,10,10,2,5,2,2,6
6/24/2022 9:03,6/24/2022 10:22,DBY36,1,23,4,4,5,0,,Setúbal,2,6,6,6,0,1,,,,,,,,,,,,,,,,,,,,,,,,,,,,,,,,,,,,,,,,,,,,,,,,,,,,,,,,,,,,,,,,,,,,,,,,,,,,,,,,,,,,,,,,,,,,,,,,,,,,,,,,,,,,,,,,,,,,,,,,,,,,,,,,,,,,,,,,,,,,,,,,,,,,,,,17,10:07:22,10:07:27,1,4,11,10:05:36,10:05:41,1,2,3,10:03:23,10:03:28,0,6,20,10:08:12,10:08:17,0,6,21,10:08:25,10:08:30,0,5,15,10:06:52,10:06:57,0,6,6,10:04:22,10:04:27,0,6,26,10:09:33,10:09:38,0,6,19,10:07:57,10:08:02,1,1,1,10:02:27,10:02:32,2,2,18,10:07:41,10:07:46,1,1,12,10:06:08,10:06:13,1,1,28,10:10:02,10:10:07,1,1,13,10:06:28,10:06:33,1,1,14,10:06:40,10:06:45,1,1,5,10:04:04,10:04:09,0,6,27,10:09:46,10:09:51,0,5,2,10:03:03,10:03:08,0,4,10,10:05:17,10:05:22,2,1,23,10:08:55,10:09:00,1,1,9,10:05:02,10:05:07,0,5,24,10:09:07,10:09:12,0,6,8,10:04:49,10:04:54,0,6,0,10:01:39,10:01:44,0,4,4,10:03:43,10:03:48,0,4,7,10:04:35,10:04:40,0,6,29,10:10:14,10:10:19,0,1,25,10:09:20,10:09:25,0,7,16,10:07:06,10:07:11,1,1,22,10:08:42,10:08:47,0,6,1,8,8,11,11,11,11,6,8,6,6,2,1,1,1,1,1,1,2,9,11,1,6,11,1,6,1,3,1,11,1,6,1,11,6,11,6,6,6,6,6,6,11,11,11,9,11,2,5
6/24/2022 10:26,6/24/2022 11:03,DBY37,1,23,4,0,4,1,AnGoLaNa,Lisboa,2,6,6,5,0,0,0,10:45:02,10:45:07,4,1,10,10:49:05,10:49:10,6,5,16,10:50:55,10:51:00,3,2,2,10:46:07,10:46:12,3,2,12,10:49:44,10:49:49,7,3,14,10:50:20,10:50:25,7,4,7,10:48:12,10:48:17,4,4,20,10:52:13,10:52:18,4,3,13,10:50:02,10:50:07,3,4,9,10:48:43,10:48:48,3,3,27,10:54:04,10:54:09,5,1,29,10:54:46,10:54:51,6,1,6,10:47:54,10:47:59,4,4,25,10:53:28,10:53:33,4,3,26,10:53:44,10:53:49,5,3,17,10:51:16,10:51:21,2,2,1,10:45:47,10:45:52,4,0,21,10:52:28,10:52:33,7,6,11,10:49:26,10:49:31,3,3,24,10:53:14,10:53:19,5,4,8,10:48:25,10:48:30,3,2,18,10:51:39,10:51:44,5,2,19,10:51:55,10:52:00,5,2,4,10:47:13,10:47:18,4,4,23,10:53:00,10:53:05,8,6,28,10:54:25,10:54:30,5,1,5,10:47:36,10:47:41,0,4,3,10:46:52,10:46:57,1,5,22,10:52:45,10:52:50,7,5,15,10:50:39,10:50:44,5,4,,,,,,,,,,,,,,,,,,,,,,,,,,,,,,,,,,,,,,,,,,,,,,,,,,,,,,,,,,,,,,,,,,,,,,,,,,,,,,,,,,,,,,,,,,,,,,,,,,,,,,,,,,,,,,,,,,,,,,,,,,,,,,,,,,,,,,,,,,,,,,,,,,,,,,,8,10,8,11,10,11,11,9,10,7,3,4,2,1,2,1,3,2,3,2,1,1,4,1,2,1,6,5,5,10,1,2,3,11,11,10,3,6,9,9,11,9,11,10,9,10,11,3,1
6/24/2022 11:21,6/24/2022 11:46,DBY38,1,21,4,1,4,0,,Lisboa,2,6,6,5,0,1,,,,,,,,,,,,,,,,,,,,,,,,,,,,,,,,,,,,,,,,,,,,,,,,,,,,,,,,,,,,,,,,,,,,,,,,,,,,,,,,,,,,,,,,,,,,,,,,,,,,,,,,,,,,,,,,,,,,,,,,,,,,,,,,,,,,,,,,,,,,,,,,,,,,,,,26,11:38:13,11:38:18,0,4,21,11:37:04,11:37:09,2,3,0,11:31:18,11:31:23,0,4,16,11:35:51,11:35:56,0,4,19,11:36:33,11:36:38,1,4,10,11:34:23,11:34:28,0,5,5,11:33:05,11:33:10,1,3,1,11:31:45,11:31:50,2,6,20,11:36:49,11:36:54,3,1,6,11:33:22,11:33:27,2,3,17,11:36:04,11:36:09,0,4,14,11:35:21,11:35:26,2,4,18,11:36:18,11:36:23,2,4,11,11:34:39,11:34:44,1,4,3,11:32:27,11:32:32,0,5,9,11:34:10,11:34:15,0,7,8,11:33:54,11:33:59,0,7,13,11:35:08,11:35:13,0,7,25,11:37:58,11:38:03,2,4,28,11:38:42,11:38:47,3,5,24,11:37:46,11:37:51,0,7,12,11:34:54,11:34:59,0,7,23,11:37:31,11:37:36,0,8,4,11:32:46,11:32:51,0,4,15,11:35:37,11:35:42,0,6,29,11:38:57,11:39:02,0,7,22,11:37:18,11:37:23,0,7,7,11:33:38,11:33:43,2,3,27,11:38:27,11:38:32,4,4,2,11:32:09,11:32:14,0,5,4,11,6,9,11,11,11,8,11,6,5,6,7,7,4,4,6,6,6,7,5,2,4,5,4,6,10,9,9,11,3,1,1,11,11,11,8,6,6,4,3,7,11,11,7,7,11,1,8
6/24/2022 14:12,6/24/2022 14:40,DBY39,0,29,4,3,4,0,,Lisboa,2,6,6,6,0,0,3,14:22:39,14:22:44,0,5,4,14:23:06,14:23:11,2,4,2,14:22:13,14:22:18,1,4,18,14:26:32,14:26:37,2,2,21,14:27:13,14:27:18,5,4,19,14:26:45,14:26:50,4,4,1,14:21:42,14:21:47,0,1,15,14:25:50,14:25:55,3,3,11,14:24:54,14:24:59,0,0,16,14:26:04,14:26:09,4,3,8,14:24:11,14:24:16,0,3,17,14:26:19,14:26:24,8,7,27,14:28:38,14:28:43,2,2,24,14:27:58,14:28:03,0,0,23,14:27:43,14:27:48,5,2,12,14:25:07,14:25:12,0,0,9,14:24:26,14:24:31,0,0,6,14:23:39,14:23:44,3,3,26,14:28:26,14:28:31,2,2,10,14:24:40,14:24:45,1,2,22,14:27:29,14:27:34,4,4,29,14:29:02,14:29:07,5,5,20,14:26:57,14:27:02,1,0,28,14:28:50,14:28:55,1,1,5,14:23:24,14:23:29,4,4,0,14:20:44,14:20:49,4,1,14,14:25:33,14:25:38,4,2,13,14:25:21,14:25:26,0,0,25,14:28:11,14:28:16,2,2,7,14:23:56,14:24:01,4,4,,,,,,,,,,,,,,,,,,,,,,,,,,,,,,,,,,,,,,,,,,,,,,,,,,,,,,,,,,,,,,,,,,,,,,,,,,,,,,,,,,,,,,,,,,,,,,,,,,,,,,,,,,,,,,,,,,,,,,,,,,,,,,,,,,,,,,,,,,,,,,,,,,,,,,,2,9,11,11,8,8,11,6,11,4,11,7,10,6,7,5,6,7,6,6,7,1,1,1,6,5,11,11,11,11,1,1,1,1,5,4,5,4,5,4,4,1,11,11,1,5,11,4,3
1/7/2022 9:04,1/7/2022 10:03,DBY46,0,37,6,1,5,1,Brasileira,Lisboa,2,6,6,5,0,1,,,,,,,,,,,,,,,,,,,,,,,,,,,,,,,,,,,,,,,,,,,,,,,,,,,,,,,,,,,,,,,,,,,,,,,,,,,,,,,,,,,,,,,,,,,,,,,,,,,,,,,,,,,,,,,,,,,,,,,,,,,,,,,,,,,,,,,,,,,,,,,,,,,,,,,8,9:48:06,9:48:11,0,8,25,9:52:15,9:52:20,1,6,12,9:49:06,9:49:11,0,8,2,9:46:11,9:46:16,0,7,16,9:50:10,9:50:15,0,8,26,9:52:30,9:52:35,0,8,20,9:51:04,9:51:09,0,8,0,9:45:14,9:45:19,0,3,3,9:46:32,9:46:37,1,3,9,9:48:23,9:48:28,2,6,27,9:52:46,9:52:51,1,6,17,9:50:24,9:50:29,1,7,1,9:45:44,9:45:49,2,2,6,9:47:33,9:47:38,2,4,24,9:52:01,9:52:06,0,7,14,9:49:34,9:49:39,0,8,15,9:49:54,9:49:59,1,7,5,9:47:14,9:47:19,1,6,4,9:46:54,9:46:59,2,4,21,9:51:17,9:51:22,0,7,11,9:48:52,9:48:57,0,8,13,9:49:20,9:49:25,0,8,23,9:51:47,9:51:52,0,8,19,9:50:51,9:50:56,0,8,18,9:50:38,9:50:43,0,8,28,9:53:01,9:53:06,0,8,7,9:47:49,9:47:54,1,7,29,9:53:16,9:53:21,0,8,22,9:51:32,9:51:37,2,6,10,9:48:37,9:48:42,0,8,7,9,9,10,11,11,9,10,9,10,11,8,6,10,9,8,11,8,9,7,2,1,3,2,2,2,11,10,10,10,2,2,2,10,2,10,7,6,7,4,7,11,11,11,9,11,11,2,9
4/7/2022 10:53,4/7/2022 12:39,DBY47,1,19,4,0,5,0,,Lisboa,2,6,4,5,0,0,1,12:23:06,12:23:11,4,0,9,12:25:37,12:25:43,3,5,2,12:23:36,12:23:42,4,4,7,12:25:08,12:25:13,4,4,29,12:30:22,12:30:27,4,4,16,12:27:18,12:27:23,4,4,18,12:27:44,12:27:49,4,4,28,12:30:05,12:30:10,5,4,12,12:26:22,12:26:27,4,4,17,12:27:32,12:27:37,4,4,26,12:29:38,12:29:43,5,4,6,12:24:51,12:24:56,5,2,11,12:26:08,12:26:13,4,4,15,12:27:04,12:27:09,4,5,3,12:24:05,12:24:10,4,4,13,12:26:37,12:26:42,3,5,24,12:29:08,12:29:13,5,4,25,12:29:22,12:29:27,5,5,14,12:26:52,12:26:57,4,4,23,12:28:56,12:29:01,4,4,10,12:25:55,12:26:00,4,4,20,12:28:14,12:28:19,5,3,21,12:28:30,12:28:35,5,3,22,12:28:44,12:28:50,4,4,5,12:24:36,12:24:41,5,4,8,12:25:22,12:25:27,4,4,0,12:22:37,12:22:42,5,2,27,12:29:52,12:29:57,4,4,4,12:24:21,12:24:26,4,4,19,12:28:00,12:28:05,5,3,,,,,,,,,,,,,,,,,,,,,,,,,,,,,,,,,,,,,,,,,,,,,,,,,,,,,,,,,,,,,,,,,,,,,,,,,,,,,,,,,,,,,,,,,,,,,,,,,,,,,,,,,,,,,,,,,,,,,,,,,,,,,,,,,,,,,,,,,,,,,,,,,,,,,,,2,7,8,7,5,3,4,7,4,8,10,6,7,5,5,6,7,9,7,3,5,2,5,4,2,4,8,8,10,7,2,4,5,9,5,8,7,7,6,5,8,4,7,7,3,7,8,3,6
5/7/2022 11:39,5/7/2022 12:02,DBY48,0,24,5,1,5,0,,Lisboa,2,5,6,5,0,1,,,,,,,,,,,,,,,,,,,,,,,,,,,,,,,,,,,,,,,,,,,,,,,,,,,,,,,,,,,,,,,,,,,,,,,,,,,,,,,,,,,,,,,,,,,,,,,,,,,,,,,,,,,,,,,,,,,,,,,,,,,,,,,,,,,,,,,,,,,,,,,,,,,,,,,7,11:50:47,11:50:52,1,4,16,11:52:58,11:53:03,2,4,10,11:51:32,11:51:37,0,4,6,11:50:24,11:50:29,0,5,22,11:54:24,11:54:29,1,4,1,11:49:00,11:49:05,1,4,19,11:53:39,11:53:44,1,4,24,11:54:54,11:54:59,0,4,17,11:53:11,11:53:16,4,4,5,11:50:09,11:50:14,4,4,27,11:55:36,11:55:41,2,4,11,11:51:47,11:51:52,2,4,25,11:55:08,11:55:13,3,4,9,11:51:18,11:51:23,3,4,0,11:48:33,11:48:38,3,4,12,11:52:00,11:52:05,0,4,3,11:49:36,11:49:41,1,4,28,11:55:48,11:55:53,1,4,23,11:54:40,11:54:45,2,4,2,11:49:22,11:49:27,2,4,18,11:53:23,11:53:28,3,4,4,11:49:53,11:49:58,1,4,29,11:56:06,11:56:11,0,4,26,11:55:23,11:55:28,1,4,14,11:52:32,11:52:37,2,4,20,11:53:56,11:54:01,2,4,15,11:52:45,11:52:50,1,4,21,11:54:10,11:54:15,1,4,8,11:51:03,11:51:08,1,4,13,11:52:16,11:52:21,1,4,2,11,11,10,11,11,10,11,10,9,6,2,3,3,5,2,5,4,5,3,6,5,7,3,3,3,8,7,6,11,1,5,2,4,4,4,7,8,6,7,2,1,2,6,2,4,6,2,5
6/7/2022 11:48,6/7/2022 14:15,DBY51,1,21,4,1,6,0,,Lisboa,2,4,6,4,0,0,29,14:10:00,14:10:05,4,4,25,14:09:07,14:09:12,4,4,12,14:06:02,14:06:07,4,4,0,14:03:03,14:03:08,4,6,18,14:07:37,14:07:42,6,6,16,14:07:05,14:07:10,3,5,8,14:05:10,14:05:15,5,3,23,14:08:43,14:08:48,8,8,10,14:05:39,14:05:44,8,8,17,14:07:26,14:07:31,6,6,14,14:06:31,14:06:36,4,6,19,14:07:49,14:07:54,6,6,27,14:09:33,14:09:38,5,5,11,14:05:50,14:05:55,5,5,21,14:08:16,14:08:21,5,5,22,14:08:31,14:08:36,1,1,7,14:04:54,14:04:59,4,4,15,14:06:53,14:06:58,8,8,20,14:08:01,14:08:06,3,3,4,14:04:12,14:04:17,5,5,26,14:09:21,14:09:26,4,4,2,14:03:41,14:03:46,3,8,24,14:08:55,14:09:00,6,6,1,14:03:25,14:03:30,4,6,5,14:04:25,14:04:30,1,8,28,14:09:46,14:09:51,4,0,13,14:06:17,14:06:22,0,0,6,14:04:40,14:04:45,5,5,9,14:05:25,14:05:30,5,5,3,14:03:57,14:04:02,5,1,,,,,,,,,,,,,,,,,,,,,,,,,,,,,,,,,,,,,,,,,,,,,,,,,,,,,,,,,,,,,,,,,,,,,,,,,,,,,,,,,,,,,,,,,,,,,,,,,,,,,,,,,,,,,,,,,,,,,,,,,,,,,,,,,,,,,,,,,,,,,,,,,,,,,,,1,9,11,3,9,11,11,9,11,3,11,9,4,8,4,9,9,9,9,9,8,8,8,8,8,8,3,3,3,6,9,8,9,9,4,9,6,6,6,6,9,6,8,6,4,8,6,6,6
